"","nlocs","scheme","ratio","change"
"1",50,"grid",0.666666666666667,"-90%"
"2",60,"grid",0,"-90%"
"3",70,"grid",0,"-90%"
"4",80,"grid",0,"-90%"
"5",90,"grid",0.4,"-90%"
"6",100,"grid",0.645161290322581,"-90%"
"7",110,"grid",0.294117647058824,"-90%"
"8",120,"grid",0.882352941176471,"-90%"
"9",130,"grid",0.5,"-90%"
"10",140,"grid",0.476190476190476,"-90%"
"11",150,"grid",0.769230769230769,"-90%"
"12",160,"grid",0.454545454545455,"-90%"
"13",170,"grid",0.980392156862745,"-90%"
"14",180,"grid",1.27272727272727,"-90%"
"15",190,"grid",0.408163265306123,"-90%"
"16",200,"grid",1.03448275862069,"-90%"
"17",210,"grid",0.483870967741936,"-90%"
"18",220,"grid",0.78125,"-90%"
"19",230,"grid",1.04477611940299,"-90%"
"20",240,"grid",0.277777777777778,"-90%"
"21",250,"grid",0.985915492957747,"-90%"
"22",260,"grid",0.909090909090909,"-90%"
"23",270,"grid",0.886075949367089,"-90%"
"24",280,"grid",0.4,"-90%"
"25",290,"grid",0.476190476190476,"-90%"
"26",300,"grid",0.674157303370787,"-90%"
"27",50,"random",2,"-90%"
"28",60,"random",1.25,"-90%"
"29",70,"random",2.27272727272727,"-90%"
"30",80,"random",0,"-90%"
"31",90,"random",0.434782608695652,"-90%"
"32",100,"random",1.61290322580645,"-90%"
"33",110,"random",0.294117647058824,"-90%"
"34",120,"random",0.476190476190476,"-90%"
"35",130,"random",0.3125,"-90%"
"36",140,"random",0.930232558139535,"-90%"
"37",150,"random",0.454545454545455,"-90%"
"38",160,"random",0.652173913043478,"-90%"
"39",170,"random",0.476190476190476,"-90%"
"40",180,"random",0.6,"-90%"
"41",190,"random",1.34328358208955,"-90%"
"42",200,"random",0.377358490566038,"-90%"
"43",210,"random",0.540540540540541,"-90%"
"44",220,"random",1.2962962962963,"-90%"
"45",230,"random",0.476190476190476,"-90%"
"46",240,"random",0.909090909090909,"-90%"
"47",250,"random",0.677966101694915,"-90%"
"48",260,"random",0.845070422535212,"-90%"
"49",270,"random",0.895522388059702,"-90%"
"50",280,"random",0.540540540540541,"-90%"
"51",290,"random",0.795454545454546,"-90%"
"52",300,"random",0.930232558139535,"-90%"
"53",50,"grid",1.15384615384615,"-80%"
"54",60,"grid",0.714285714285714,"-80%"
"55",70,"grid",1.19047619047619,"-80%"
"56",80,"grid",0.5,"-80%"
"57",90,"grid",0.555555555555556,"-80%"
"58",100,"grid",1.08695652173913,"-80%"
"59",110,"grid",0.857142857142857,"-80%"
"60",120,"grid",0.967741935483871,"-80%"
"61",130,"grid",0.897435897435898,"-80%"
"62",140,"grid",0.694444444444445,"-80%"
"63",150,"grid",0.875,"-80%"
"64",160,"grid",0.865384615384616,"-80%"
"65",170,"grid",0.288461538461538,"-80%"
"66",180,"grid",0.714285714285714,"-80%"
"67",190,"grid",0.677966101694916,"-80%"
"68",200,"grid",0.75,"-80%"
"69",210,"grid",0.901639344262295,"-80%"
"70",220,"grid",0.514705882352941,"-80%"
"71",230,"grid",1.04477611940299,"-80%"
"72",240,"grid",0.723684210526316,"-80%"
"73",250,"grid",1.15942028985507,"-80%"
"74",260,"grid",0.632911392405063,"-80%"
"75",270,"grid",1,"-80%"
"76",280,"grid",0.853658536585366,"-80%"
"77",290,"grid",0.777777777777778,"-80%"
"78",300,"grid",0.988372093023256,"-80%"
"79",50,"random",1.25,"-80%"
"80",60,"random",0.952380952380953,"-80%"
"81",70,"random",0.454545454545455,"-80%"
"82",80,"random",0.416666666666667,"-80%"
"83",90,"random",0.4,"-80%"
"84",100,"random",0.833333333333334,"-80%"
"85",110,"random",0.694444444444445,"-80%"
"86",120,"random",1.34146341463415,"-80%"
"87",130,"random",0.595238095238095,"-80%"
"88",140,"random",1.27450980392157,"-80%"
"89",150,"random",0.75,"-80%"
"90",160,"random",1.08695652173913,"-80%"
"91",170,"random",0.625,"-80%"
"92",180,"random",0.727272727272727,"-80%"
"93",190,"random",0.943396226415095,"-80%"
"94",200,"random",1.25,"-80%"
"95",210,"random",0.615384615384616,"-80%"
"96",220,"random",0.671641791044776,"-80%"
"97",230,"random",1.04838709677419,"-80%"
"98",240,"random",0.845070422535211,"-80%"
"99",250,"random",1.32183908045977,"-80%"
"100",260,"random",0.611111111111111,"-80%"
"101",270,"random",0.724637681159421,"-80%"
"102",280,"random",0.987654320987654,"-80%"
"103",290,"random",0.961538461538462,"-80%"
"104",300,"random",1.05263157894737,"-80%"
"105",50,"grid",1.19047619047619,"-70%"
"106",60,"grid",0.606060606060606,"-70%"
"107",70,"grid",0.476190476190476,"-70%"
"108",80,"grid",0.909090909090909,"-70%"
"109",90,"grid",0.714285714285714,"-70%"
"110",100,"grid",1.05263157894737,"-70%"
"111",110,"grid",1.01851851851852,"-70%"
"112",120,"grid",1.02564102564103,"-70%"
"113",130,"grid",0.810810810810811,"-70%"
"114",140,"grid",1.38888888888889,"-70%"
"115",150,"grid",0.852713178294574,"-70%"
"116",160,"grid",0.851063829787234,"-70%"
"117",170,"grid",0.952380952380952,"-70%"
"118",180,"grid",0.880503144654088,"-70%"
"119",190,"grid",1.01190476190476,"-70%"
"120",200,"grid",1.05555555555556,"-70%"
"121",210,"grid",0.847457627118644,"-70%"
"122",220,"grid",1.03448275862069,"-70%"
"123",230,"grid",1.04761904761905,"-70%"
"124",240,"grid",0.745614035087719,"-70%"
"125",250,"grid",0.845070422535211,"-70%"
"126",260,"grid",1.12612612612613,"-70%"
"127",270,"grid",0.894308943089431,"-70%"
"128",280,"grid",0.928270042194093,"-70%"
"129",290,"grid",0.992063492063492,"-70%"
"130",300,"grid",0.87719298245614,"-70%"
"131",50,"random",1.11111111111111,"-70%"
"132",60,"random",0.634920634920635,"-70%"
"133",70,"random",1.11111111111111,"-70%"
"134",80,"random",0.933333333333333,"-70%"
"135",90,"random",1.55555555555556,"-70%"
"136",100,"random",0.952380952380952,"-70%"
"137",110,"random",1.04761904761905,"-70%"
"138",120,"random",0.777777777777778,"-70%"
"139",130,"random",0.930232558139535,"-70%"
"140",140,"random",1.01449275362319,"-70%"
"141",150,"random",0.852713178294573,"-70%"
"142",160,"random",0.769230769230769,"-70%"
"143",170,"random",0.8,"-70%"
"144",180,"random",1.25786163522013,"-70%"
"145",190,"random",1.04166666666667,"-70%"
"146",200,"random",0.747126436781609,"-70%"
"147",210,"random",0.747126436781609,"-70%"
"148",220,"random",0.92896174863388,"-70%"
"149",230,"random",0.892018779342723,"-70%"
"150",240,"random",0.447761194029851,"-70%"
"151",250,"random",0.692640692640693,"-70%"
"152",260,"random",0.895522388059702,"-70%"
"153",270,"random",1.02941176470588,"-70%"
"154",280,"random",0.945945945945946,"-70%"
"155",290,"random",0.749063670411985,"-70%"
"156",300,"random",1.09756097560976,"-70%"
"157",50,"grid",1.53846153846154,"-60%"
"158",60,"grid",0.735294117647059,"-60%"
"159",70,"grid",1.09375,"-60%"
"160",80,"grid",0.865384615384615,"-60%"
"161",90,"grid",0.9,"-60%"
"162",100,"grid",0.673076923076923,"-60%"
"163",110,"grid",1.11111111111111,"-60%"
"164",120,"grid",0.859375,"-60%"
"165",130,"grid",1.19047619047619,"-60%"
"166",140,"grid",0.897435897435897,"-60%"
"167",150,"grid",0.988372093023256,"-60%"
"168",160,"grid",0.904255319148936,"-60%"
"169",170,"grid",1.2,"-60%"
"170",180,"grid",0.818181818181818,"-60%"
"171",190,"grid",1.09375,"-60%"
"172",200,"grid",0.775862068965517,"-60%"
"173",210,"grid",0.901639344262295,"-60%"
"174",220,"grid",1.00877192982456,"-60%"
"175",230,"grid",1.06060606060606,"-60%"
"176",240,"grid",0.888157894736842,"-60%"
"177",250,"grid",0.777027027027027,"-60%"
"178",260,"grid",0.833333333333333,"-60%"
"179",270,"grid",1.00609756097561,"-60%"
"180",280,"grid",0.975609756097561,"-60%"
"181",290,"grid",1.05263157894737,"-60%"
"182",300,"grid",0.961538461538461,"-60%"
"183",50,"random",0.892857142857143,"-60%"
"184",60,"random",1.52777777777778,"-60%"
"185",70,"random",1.42857142857143,"-60%"
"186",80,"random",0.5,"-60%"
"187",90,"random",0.9375,"-60%"
"188",100,"random",0.6,"-60%"
"189",110,"random",1.04838709677419,"-60%"
"190",120,"random",1,"-60%"
"191",130,"random",0.9375,"-60%"
"192",140,"random",0.833333333333333,"-60%"
"193",150,"random",0.989583333333333,"-60%"
"194",160,"random",1.07954545454545,"-60%"
"195",170,"random",1.01190476190476,"-60%"
"196",180,"random",0.833333333333333,"-60%"
"197",190,"random",0.897435897435897,"-60%"
"198",200,"random",1.16379310344828,"-60%"
"199",210,"random",1.14285714285714,"-60%"
"200",220,"random",0.833333333333333,"-60%"
"201",230,"random",1.09848484848485,"-60%"
"202",240,"random",0.868055555555556,"-60%"
"203",250,"random",1.09848484848485,"-60%"
"204",260,"random",0.892857142857143,"-60%"
"205",270,"random",0.801282051282051,"-60%"
"206",280,"random",1.16438356164384,"-60%"
"207",290,"random",0.783132530120482,"-60%"
"208",300,"random",1.01851851851852,"-60%"
"209",50,"grid",0.470588235294118,"-50%"
"210",60,"grid",0.875,"-50%"
"211",70,"grid",1.22222222222222,"-50%"
"212",80,"grid",0.846153846153846,"-50%"
"213",90,"grid",1.07142857142857,"-50%"
"214",100,"grid",1.08333333333333,"-50%"
"215",110,"grid",0.774193548387097,"-50%"
"216",120,"grid",0.866666666666667,"-50%"
"217",130,"grid",1.14285714285714,"-50%"
"218",140,"grid",0.727272727272727,"-50%"
"219",150,"grid",1.07317073170732,"-50%"
"220",160,"grid",0.862745098039216,"-50%"
"221",170,"grid",0.938775510204081,"-50%"
"222",180,"grid",0.979591836734694,"-50%"
"223",190,"grid",0.925925925925926,"-50%"
"224",200,"grid",1.07936507936508,"-50%"
"225",210,"grid",0.947368421052632,"-50%"
"226",220,"grid",0.96969696969697,"-50%"
"227",230,"grid",0.953846153846154,"-50%"
"228",240,"grid",0.923076923076923,"-50%"
"229",250,"grid",0.933333333333333,"-50%"
"230",260,"grid",0.958904109589041,"-50%"
"231",270,"grid",0.938271604938272,"-50%"
"232",280,"grid",1.01234567901235,"-50%"
"233",290,"grid",0.963855421686747,"-50%"
"234",300,"grid",0.976190476190476,"-50%"
"235",50,"random",1,"-50%"
"236",60,"random",0.833333333333333,"-50%"
"237",70,"random",1.1,"-50%"
"238",80,"random",0.692307692307692,"-50%"
"239",90,"random",0.787878787878788,"-50%"
"240",100,"random",1,"-50%"
"241",110,"random",1.35714285714286,"-50%"
"242",120,"random",0.827586206896552,"-50%"
"243",130,"random",0.791666666666667,"-50%"
"244",140,"random",1.12820512820513,"-50%"
"245",150,"random",1.13636363636364,"-50%"
"246",160,"random",0.88,"-50%"
"247",170,"random",0.826086956521739,"-50%"
"248",180,"random",1.22222222222222,"-50%"
"249",190,"random",0.943396226415094,"-50%"
"250",200,"random",0.918032786885246,"-50%"
"251",210,"random",1.18181818181818,"-50%"
"252",220,"random",0.733333333333333,"-50%"
"253",230,"random",1.06666666666667,"-50%"
"254",240,"random",1.1304347826087,"-50%"
"255",250,"random",0.771428571428571,"-50%"
"256",260,"random",0.860759493670886,"-50%"
"257",270,"random",0.835820895522388,"-50%"
"258",280,"random",0.876404494382023,"-50%"
"259",290,"random",1.025,"-50%"
"260",300,"random",0.930232558139535,"-50%"
"261",50,"grid",0.888888888888889,"-40%"
"262",60,"grid",1.11111111111111,"-40%"
"263",70,"grid",1.08695652173913,"-40%"
"264",80,"grid",0.763888888888889,"-40%"
"265",90,"grid",1.13095238095238,"-40%"
"266",100,"grid",0.977011494252874,"-40%"
"267",110,"grid",1.14583333333333,"-40%"
"268",120,"grid",1.05555555555556,"-40%"
"269",130,"grid",0.934959349593496,"-40%"
"270",140,"grid",0.964912280701754,"-40%"
"271",150,"grid",0.942028985507246,"-40%"
"272",160,"grid",1.11111111111111,"-40%"
"273",170,"grid",0.909090909090909,"-40%"
"274",180,"grid",0.939393939393939,"-40%"
"275",190,"grid",1.01307189542484,"-40%"
"276",200,"grid",0.96045197740113,"-40%"
"277",210,"grid",0.773809523809524,"-40%"
"278",220,"grid",1.015625,"-40%"
"279",230,"grid",1.00490196078431,"-40%"
"280",240,"grid",0.986842105263158,"-40%"
"281",250,"grid",1.01990049751244,"-40%"
"282",260,"grid",1.05392156862745,"-40%"
"283",270,"grid",0.928270042194093,"-40%"
"284",280,"grid",0.802469135802469,"-40%"
"285",290,"grid",1.11842105263158,"-40%"
"286",300,"grid",0.982456140350877,"-40%"
"287",50,"random",0.757575757575758,"-40%"
"288",60,"random",0.933333333333333,"-40%"
"289",70,"random",1.01851851851852,"-40%"
"290",80,"random",0.866666666666667,"-40%"
"291",90,"random",1,"-40%"
"292",100,"random",1.2280701754386,"-40%"
"293",110,"random",0.833333333333333,"-40%"
"294",120,"random",0.708333333333333,"-40%"
"295",130,"random",1.16279069767442,"-40%"
"296",140,"random",1.17424242424242,"-40%"
"297",150,"random",0.833333333333333,"-40%"
"298",160,"random",0.945945945945946,"-40%"
"299",170,"random",0.957446808510638,"-40%"
"300",180,"random",0.966666666666667,"-40%"
"301",190,"random",1.15591397849462,"-40%"
"302",200,"random",0.787878787878788,"-40%"
"303",210,"random",0.92948717948718,"-40%"
"304",220,"random",1.02150537634409,"-40%"
"305",230,"random",0.807291666666667,"-40%"
"306",240,"random",0.942028985507246,"-40%"
"307",250,"random",0.955882352941176,"-40%"
"308",260,"random",0.990338164251208,"-40%"
"309",270,"random",1.07981220657277,"-40%"
"310",280,"random",1.00401606425703,"-40%"
"311",290,"random",1.04166666666667,"-40%"
"312",300,"random",0.975609756097561,"-40%"
"313",50,"grid",0.761904761904762,"-30%"
"314",60,"grid",1.16071428571429,"-30%"
"315",70,"grid",1.07142857142857,"-30%"
"316",80,"grid",0.844155844155844,"-30%"
"317",90,"grid",0.793650793650794,"-30%"
"318",100,"grid",0.846560846560847,"-30%"
"319",110,"grid",0.995670995670995,"-30%"
"320",120,"grid",0.882352941176471,"-30%"
"321",130,"grid",1.10714285714286,"-30%"
"322",140,"grid",0.952380952380952,"-30%"
"323",150,"grid",1.03896103896104,"-30%"
"324",160,"grid",0.993788819875776,"-30%"
"325",170,"grid",1.12637362637363,"-30%"
"326",180,"grid",1.01648351648352,"-30%"
"327",190,"grid",1.01694915254237,"-30%"
"328",200,"grid",0.99273607748184,"-30%"
"329",210,"grid",0.862068965517241,"-30%"
"330",220,"grid",1.05590062111801,"-30%"
"331",230,"grid",0.93816631130064,"-30%"
"332",240,"grid",1.10874200426439,"-30%"
"333",250,"grid",1.01449275362319,"-30%"
"334",260,"grid",0.970017636684303,"-30%"
"335",270,"grid",1.02040816326531,"-30%"
"336",280,"grid",0.946196660482375,"-30%"
"337",290,"grid",0.952380952380952,"-30%"
"338",300,"grid",1.03270223752151,"-30%"
"339",50,"random",0.714285714285714,"-30%"
"340",60,"random",1.14285714285714,"-30%"
"341",70,"random",1.02857142857143,"-30%"
"342",80,"random",0.8,"-30%"
"343",90,"random",0.914285714285714,"-30%"
"344",100,"random",1.05990783410138,"-30%"
"345",110,"random",1.00840336134454,"-30%"
"346",120,"random",1.02040816326531,"-30%"
"347",130,"random",1.12244897959184,"-30%"
"348",140,"random",0.965250965250965,"-30%"
"349",150,"random",0.842490842490842,"-30%"
"350",160,"random",0.93984962406015,"-30%"
"351",170,"random",1.15501519756839,"-30%"
"352",180,"random",1.03174603174603,"-30%"
"353",190,"random",1.04761904761905,"-30%"
"354",200,"random",0.961538461538461,"-30%"
"355",210,"random",0.952380952380952,"-30%"
"356",220,"random",0.930735930735931,"-30%"
"357",230,"random",0.90702947845805,"-30%"
"358",240,"random",0.86105675146771,"-30%"
"359",250,"random",0.965250965250965,"-30%"
"360",260,"random",0.914285714285714,"-30%"
"361",270,"random",0.725995316159251,"-30%"
"362",280,"random",0.873015873015873,"-30%"
"363",290,"random",0.952380952380952,"-30%"
"364",300,"random",0.996677740863787,"-30%"
"365",50,"grid",1.04166666666667,"-20%"
"366",60,"grid",1.015625,"-20%"
"367",70,"grid",1.09375,"-20%"
"368",80,"grid",1,"-20%"
"369",90,"grid",0.862068965517241,"-20%"
"370",100,"grid",1.0625,"-20%"
"371",110,"grid",0.984848484848485,"-20%"
"372",120,"grid",1.07638888888889,"-20%"
"373",130,"grid",0.993589743589744,"-20%"
"374",140,"grid",0.975609756097561,"-20%"
"375",150,"grid",0.872093023255814,"-20%"
"376",160,"grid",1.11702127659574,"-20%"
"377",170,"grid",0.904255319148936,"-20%"
"378",180,"grid",1.01415094339623,"-20%"
"379",190,"grid",0.942622950819672,"-20%"
"380",200,"grid",1.03813559322034,"-20%"
"381",210,"grid",1.04166666666667,"-20%"
"382",220,"grid",1.02459016393443,"-20%"
"383",230,"grid",1.05633802816901,"-20%"
"384",240,"grid",1.03846153846154,"-20%"
"385",250,"grid",0.986842105263158,"-20%"
"386",260,"grid",0.97972972972973,"-20%"
"387",270,"grid",0.997023809523809,"-20%"
"388",280,"grid",0.962643678160919,"-20%"
"389",290,"grid",1.00290697674419,"-20%"
"390",300,"grid",1.02134146341463,"-20%"
"391",50,"random",0.833333333333333,"-20%"
"392",60,"random",1.0625,"-20%"
"393",70,"random",0.869565217391304,"-20%"
"394",80,"random",0.833333333333333,"-20%"
"395",90,"random",0.965909090909091,"-20%"
"396",100,"random",0.833333333333333,"-20%"
"397",110,"random",1.07142857142857,"-20%"
"398",120,"random",0.945945945945946,"-20%"
"399",130,"random",1.08552631578947,"-20%"
"400",140,"random",0.988372093023256,"-20%"
"401",150,"random",1.05113636363636,"-20%"
"402",160,"random",1.0054347826087,"-20%"
"403",170,"random",0.95,"-20%"
"404",180,"random",1.01415094339623,"-20%"
"405",190,"random",0.823863636363636,"-20%"
"406",200,"random",1,"-20%"
"407",210,"random",1.08333333333333,"-20%"
"408",220,"random",1.00694444444444,"-20%"
"409",230,"random",0.946428571428571,"-20%"
"410",240,"random",1.03896103896104,"-20%"
"411",250,"random",1.04166666666667,"-20%"
"412",260,"random",1.0515873015873,"-20%"
"413",270,"random",0.953125,"-20%"
"414",280,"random",0.975274725274725,"-20%"
"415",290,"random",0.977011494252874,"-20%"
"416",300,"random",0.972222222222222,"-20%"
"417",50,"grid",1.11111111111111,"-10%"
"418",60,"grid",1.11111111111111,"-10%"
"419",70,"grid",0.962962962962963,"-10%"
"420",80,"grid",0.917874396135266,"-10%"
"421",90,"grid",1.01307189542484,"-10%"
"422",100,"grid",1.0727969348659,"-10%"
"423",110,"grid",0.972222222222222,"-10%"
"424",120,"grid",1.03942652329749,"-10%"
"425",130,"grid",0.978835978835979,"-10%"
"426",140,"grid",1,"-10%"
"427",150,"grid",1.05555555555556,"-10%"
"428",160,"grid",1.01010101010101,"-10%"
"429",170,"grid",1.11111111111111,"-10%"
"430",180,"grid",1.01010101010101,"-10%"
"431",190,"grid",0.946502057613169,"-10%"
"432",200,"grid",0.909090909090909,"-10%"
"433",210,"grid",1.03825136612022,"-10%"
"434",220,"grid",1.07212475633528,"-10%"
"435",230,"grid",0.92063492063492,"-10%"
"436",240,"grid",1.01721439749609,"-10%"
"437",250,"grid",1.01160862354892,"-10%"
"438",260,"grid",1.00456621004566,"-10%"
"439",270,"grid",1.02777777777778,"-10%"
"440",280,"grid",0.94017094017094,"-10%"
"441",290,"grid",0.961298377028714,"-10%"
"442",300,"grid",0.967741935483871,"-10%"
"443",50,"random",1.11111111111111,"-10%"
"444",60,"random",0.909090909090909,"-10%"
"445",70,"random",0.972222222222222,"-10%"
"446",80,"random",1.06666666666667,"-10%"
"447",90,"random",0.946502057613169,"-10%"
"448",100,"random",0.957854406130268,"-10%"
"449",110,"random",0.948509485094851,"-10%"
"450",120,"random",1.07744107744108,"-10%"
"451",130,"random",0.915032679738562,"-10%"
"452",140,"random",0.925925925925926,"-10%"
"453",150,"random",0.849673202614379,"-10%"
"454",160,"random",1.04308390022676,"-10%"
"455",170,"random",0.918803418803419,"-10%"
"456",180,"random",1.05050505050505,"-10%"
"457",190,"random",0.90702947845805,"-10%"
"458",200,"random",1.01234567901235,"-10%"
"459",210,"random",1.01307189542484,"-10%"
"460",220,"random",0.987654320987654,"-10%"
"461",230,"random",0.987654320987654,"-10%"
"462",240,"random",1.0200364298725,"-10%"
"463",250,"random",0.903703703703704,"-10%"
"464",260,"random",0.962059620596206,"-10%"
"465",270,"random",1.02941176470588,"-10%"
"466",280,"random",0.978835978835979,"-10%"
"467",290,"random",0.997474747474747,"-10%"
"468",300,"random",1.06995884773663,"-10%"
"469",50,"grid",1,"0%"
"470",60,"grid",1,"0%"
"471",70,"grid",1,"0%"
"472",80,"grid",1,"0%"
"473",90,"grid",1,"0%"
"474",100,"grid",1,"0%"
"475",110,"grid",1,"0%"
"476",120,"grid",1,"0%"
"477",130,"grid",1,"0%"
"478",140,"grid",1,"0%"
"479",150,"grid",1,"0%"
"480",160,"grid",1,"0%"
"481",170,"grid",1,"0%"
"482",180,"grid",1,"0%"
"483",190,"grid",1,"0%"
"484",200,"grid",1,"0%"
"485",210,"grid",1,"0%"
"486",220,"grid",1,"0%"
"487",230,"grid",1,"0%"
"488",240,"grid",1,"0%"
"489",250,"grid",1,"0%"
"490",260,"grid",1,"0%"
"491",270,"grid",1,"0%"
"492",280,"grid",1,"0%"
"493",290,"grid",1,"0%"
"494",300,"grid",1,"0%"
"495",50,"random",1,"0%"
"496",60,"random",1,"0%"
"497",70,"random",1,"0%"
"498",80,"random",1,"0%"
"499",90,"random",1,"0%"
"500",100,"random",1,"0%"
"501",110,"random",1,"0%"
"502",120,"random",1,"0%"
"503",130,"random",1,"0%"
"504",140,"random",1,"0%"
"505",150,"random",1,"0%"
"506",160,"random",1,"0%"
"507",170,"random",1,"0%"
"508",180,"random",1,"0%"
"509",190,"random",1,"0%"
"510",200,"random",1,"0%"
"511",210,"random",1,"0%"
"512",220,"random",1,"0%"
"513",230,"random",1,"0%"
"514",240,"random",1,"0%"
"515",250,"random",1,"0%"
"516",260,"random",1,"0%"
"517",270,"random",1,"0%"
"518",280,"random",1,"0%"
"519",290,"random",1,"0%"
"520",300,"random",1,"0%"
"521",50,"grid",1.03030303030303,"10%"
"522",60,"grid",0.909090909090909,"10%"
"523",70,"grid",0.988142292490119,"10%"
"524",80,"grid",1.01010101010101,"10%"
"525",90,"grid",1.18181818181818,"10%"
"526",100,"grid",1.02272727272727,"10%"
"527",110,"grid",1.07438016528926,"10%"
"528",120,"grid",0.965909090909091,"10%"
"529",130,"grid",0.952380952380952,"10%"
"530",140,"grid",0.988142292490118,"10%"
"531",150,"grid",1.02514506769826,"10%"
"532",160,"grid",1.00790513833992,"10%"
"533",170,"grid",1.04448742746615,"10%"
"534",180,"grid",0.941558441558441,"10%"
"535",190,"grid",1.03896103896104,"10%"
"536",200,"grid",1.02915951972556,"10%"
"537",210,"grid",1.05571847507331,"10%"
"538",220,"grid",0.987460815047022,"10%"
"539",230,"grid",0.961038961038961,"10%"
"540",240,"grid",0.961038961038961,"10%"
"541",250,"grid",0.968122786304604,"10%"
"542",260,"grid",0.993939393939394,"10%"
"543",270,"grid",0.968122786304605,"10%"
"544",280,"grid",0.95512082853855,"10%"
"545",290,"grid",1.00313479623824,"10%"
"546",300,"grid",1.01604278074866,"10%"
"547",50,"random",0.96969696969697,"10%"
"548",60,"random",0.909090909090909,"10%"
"549",70,"random",1.05263157894737,"10%"
"550",80,"random",0.988142292490119,"10%"
"551",90,"random",0.984848484848485,"10%"
"552",100,"random",0.950413223140496,"10%"
"553",110,"random",1.02272727272727,"10%"
"554",120,"random",0.909090909090909,"10%"
"555",130,"random",0.980861244019139,"10%"
"556",140,"random",1.00478468899522,"10%"
"557",150,"random",0.943396226415094,"10%"
"558",160,"random",0.961538461538461,"10%"
"559",170,"random",1.01200686106346,"10%"
"560",180,"random",1.019955654102,"10%"
"561",190,"random",1.08391608391608,"10%"
"562",200,"random",1.03305785123967,"10%"
"563",210,"random",1.00550964187328,"10%"
"564",220,"random",0.974967061923584,"10%"
"565",230,"random",0.950413223140496,"10%"
"566",240,"random",1.02272727272727,"10%"
"567",250,"random",1.01928374655647,"10%"
"568",260,"random",1.00606060606061,"10%"
"569",270,"random",1.03729603729604,"10%"
"570",280,"random",1.01398601398601,"10%"
"571",290,"random",1.00899100899101,"10%"
"572",300,"random",0.964187327823691,"10%"
"573",50,"grid",1.01190476190476,"20%"
"574",60,"grid",1.05555555555556,"20%"
"575",70,"grid",1.00694444444444,"20%"
"576",80,"grid",0.925925925925926,"20%"
"577",90,"grid",1.13636363636364,"20%"
"578",100,"grid",1,"20%"
"579",110,"grid",1.02150537634409,"20%"
"580",120,"grid",1.04838709677419,"20%"
"581",130,"grid",0.916666666666667,"20%"
"582",140,"grid",1.03070175438596,"20%"
"583",150,"grid",1.03658536585366,"20%"
"584",160,"grid",1.01063829787234,"20%"
"585",170,"grid",1.00308641975309,"20%"
"586",180,"grid",0.952380952380952,"20%"
"587",190,"grid",1.03448275862069,"20%"
"588",200,"grid",1.02459016393443,"20%"
"589",210,"grid",0.929951690821256,"20%"
"590",220,"grid",1.08333333333333,"20%"
"591",230,"grid",0.997474747474747,"20%"
"592",240,"grid",1.03174603174603,"20%"
"593",250,"grid",1.11940298507463,"20%"
"594",260,"grid",0.988888888888889,"20%"
"595",270,"grid",0.958904109589041,"20%"
"596",280,"grid",0.962962962962963,"20%"
"597",290,"grid",1.0140562248996,"20%"
"598",300,"grid",1.05208333333333,"20%"
"599",50,"random",0.9375,"20%"
"600",60,"random",1.01851851851852,"20%"
"601",70,"random",1.01449275362319,"20%"
"602",80,"random",1.00574712643678,"20%"
"603",90,"random",1.29166666666667,"20%"
"604",100,"random",1.03448275862069,"20%"
"605",110,"random",1.04838709677419,"20%"
"606",120,"random",0.919540229885057,"20%"
"607",130,"random",1.11979166666667,"20%"
"608",140,"random",1.05263157894737,"20%"
"609",150,"random",1.03535353535354,"20%"
"610",160,"random",1.04575163398693,"20%"
"611",170,"random",1.07456140350877,"20%"
"612",180,"random",0.96969696969697,"20%"
"613",190,"random",0.982142857142857,"20%"
"614",200,"random",0.964912280701754,"20%"
"615",210,"random",1.07575757575758,"20%"
"616",220,"random",0.964912280701754,"20%"
"617",230,"random",1.03535353535354,"20%"
"618",240,"random",0.961538461538461,"20%"
"619",250,"random",0.977777777777778,"20%"
"620",260,"random",1.02222222222222,"20%"
"621",270,"random",1.03125,"20%"
"622",280,"random",0.998168498168498,"20%"
"623",290,"random",1.03881278538813,"20%"
"624",300,"random",1.03896103896104,"20%"
"625",50,"grid",1.11888111888112,"30%"
"626",60,"grid",1.15384615384615,"30%"
"627",70,"grid",1.04072398190045,"30%"
"628",80,"grid",1.11888111888112,"30%"
"629",90,"grid",1.01538461538462,"30%"
"630",100,"grid",0.879120879120879,"30%"
"631",110,"grid",1.14143920595533,"30%"
"632",120,"grid",1.04700854700855,"30%"
"633",130,"grid",0.904977375565611,"30%"
"634",140,"grid",0.989010989010989,"30%"
"635",150,"grid",1.06643356643357,"30%"
"636",160,"grid",1.08695652173913,"30%"
"637",170,"grid",1.10912343470483,"30%"
"638",180,"grid",1.03550295857988,"30%"
"639",190,"grid",0.968660968660968,"30%"
"640",200,"grid",1.00274725274725,"30%"
"641",210,"grid",1.09090909090909,"30%"
"642",220,"grid",1.0718789407314,"30%"
"643",230,"grid",0.996749729144095,"30%"
"644",240,"grid",0.977130977130977,"30%"
"645",250,"grid",1.04700854700855,"30%"
"646",260,"grid",0.976331360946745,"30%"
"647",270,"grid",0.983446932814021,"30%"
"648",280,"grid",0.92138630600169,"30%"
"649",290,"grid",0.987762237762237,"30%"
"650",300,"grid",1.04463437796771,"30%"
"651",50,"random",1.11111111111111,"30%"
"652",60,"random",1.00961538461538,"30%"
"653",70,"random",0.961538461538461,"30%"
"654",80,"random",1.04895104895105,"30%"
"655",90,"random",0.967741935483871,"30%"
"656",100,"random",0.918114143920595,"30%"
"657",110,"random",1.00591715976331,"30%"
"658",120,"random",1.22171945701357,"30%"
"659",130,"random",0.915750915750916,"30%"
"660",140,"random",1.2967032967033,"30%"
"661",150,"random",0.989010989010989,"30%"
"662",160,"random",1.09615384615385,"30%"
"663",170,"random",1.07988165680473,"30%"
"664",180,"random",0.98014888337469,"30%"
"665",190,"random",1.14566284779051,"30%"
"666",200,"random",0.961538461538461,"30%"
"667",210,"random",0.904977375565611,"30%"
"668",220,"random",0.961538461538461,"30%"
"669",230,"random",0.944498539435248,"30%"
"670",240,"random",0.947603121516165,"30%"
"671",250,"random",1.01775147928994,"30%"
"672",260,"random",0.979020979020979,"30%"
"673",270,"random",1.02212855637513,"30%"
"674",280,"random",0.992844364937388,"30%"
"675",290,"random",0.969899665551839,"30%"
"676",300,"random",1.03418803418803,"30%"
"677",50,"grid",0.912698412698413,"40%"
"678",60,"grid",1.07142857142857,"40%"
"679",70,"grid",0.974025974025974,"40%"
"680",80,"grid",0.993788819875776,"40%"
"681",90,"grid",1.08695652173913,"40%"
"682",100,"grid",0.995670995670996,"40%"
"683",110,"grid",1.08294930875576,"40%"
"684",120,"grid",1.02564102564103,"40%"
"685",130,"grid",1.0515873015873,"40%"
"686",140,"grid",0.928571428571429,"40%"
"687",150,"grid",1.05519480519481,"40%"
"688",160,"grid",0.929919137466307,"40%"
"689",170,"grid",0.947802197802198,"40%"
"690",180,"grid",1.00274725274725,"40%"
"691",190,"grid",1.11263736263736,"40%"
"692",200,"grid",1.00765306122449,"40%"
"693",210,"grid",0.952380952380953,"40%"
"694",220,"grid",0.993303571428571,"40%"
"695",230,"grid",0.909090909090909,"40%"
"696",240,"grid",1.0609243697479,"40%"
"697",250,"grid",0.958904109589041,"40%"
"698",260,"grid",1.01761252446184,"40%"
"699",270,"grid",1.01609657947686,"40%"
"700",280,"grid",0.952380952380952,"40%"
"701",290,"grid",0.949477351916376,"40%"
"702",300,"grid",1.03820598006645,"40%"
"703",50,"random",0.824175824175824,"40%"
"704",60,"random",0.928571428571429,"40%"
"705",70,"random",1.07142857142857,"40%"
"706",80,"random",1.08695652173913,"40%"
"707",90,"random",0.966386554621849,"40%"
"708",100,"random",0.928571428571429,"40%"
"709",110,"random",0.952380952380953,"40%"
"710",120,"random",0.911330049261084,"40%"
"711",130,"random",1.06312292358804,"40%"
"712",140,"random",1.00840336134454,"40%"
"713",150,"random",0.910714285714286,"40%"
"714",160,"random",0.925324675324675,"40%"
"715",170,"random",1.00732600732601,"40%"
"716",180,"random",0.852878464818763,"40%"
"717",190,"random",1.08516483516484,"40%"
"718",200,"random",0.993788819875776,"40%"
"719",210,"random",1.04910714285714,"40%"
"720",220,"random",1.04215456674473,"40%"
"721",230,"random",0.990476190476191,"40%"
"722",240,"random",0.961904761904762,"40%"
"723",250,"random",1.00185528756957,"40%"
"724",260,"random",1.03383458646617,"40%"
"725",270,"random",1.036866359447,"40%"
"726",280,"random",1.10663983903421,"40%"
"727",290,"random",1.06701940035273,"40%"
"728",300,"random",0.977891156462585,"40%"
"729",50,"grid",0.875,"50%"
"730",60,"grid",1.06666666666667,"50%"
"731",70,"grid",1,"50%"
"732",80,"grid",1.25490196078431,"50%"
"733",90,"grid",1.07692307692308,"50%"
"734",100,"grid",0.828282828282828,"50%"
"735",110,"grid",0.96969696969697,"50%"
"736",120,"grid",0.936936936936937,"50%"
"737",130,"grid",1.01851851851852,"50%"
"738",140,"grid",0.954545454545455,"50%"
"739",150,"grid",0.91156462585034,"50%"
"740",160,"grid",0.993197278911565,"50%"
"741",170,"grid",0.96969696969697,"50%"
"742",180,"grid",1.04938271604938,"50%"
"743",190,"grid",1.05882352941176,"50%"
"744",200,"grid",1.01754385964912,"50%"
"745",210,"grid",0.96551724137931,"50%"
"746",220,"grid",1.02824858757062,"50%"
"747",230,"grid",1.01010101010101,"50%"
"748",240,"grid",0.942222222222222,"50%"
"749",250,"grid",1.08823529411765,"50%"
"750",260,"grid",0.948717948717949,"50%"
"751",270,"grid",1.01234567901235,"50%"
"752",280,"grid",1.05022831050228,"50%"
"753",290,"grid",0.973180076628352,"50%"
"754",300,"grid",1.07317073170732,"50%"
"755",50,"random",1,"50%"
"756",60,"random",1.05882352941176,"50%"
"757",70,"random",1.05882352941176,"50%"
"758",80,"random",0.731182795698925,"50%"
"759",90,"random",1.07936507936508,"50%"
"760",100,"random",0.904761904761905,"50%"
"761",110,"random",1.01851851851852,"50%"
"762",120,"random",1.07407407407407,"50%"
"763",130,"random",1.12280701754386,"50%"
"764",140,"random",0.893081761006289,"50%"
"765",150,"random",1.02702702702703,"50%"
"766",160,"random",0.939393939393939,"50%"
"767",170,"random",1.08695652173913,"50%"
"768",180,"random",1.09803921568627,"50%"
"769",190,"random",0.961748633879781,"50%"
"770",200,"random",0.933333333333333,"50%"
"771",210,"random",0.943396226415094,"50%"
"772",220,"random",1,"50%"
"773",230,"random",1.04597701149425,"50%"
"774",240,"random",1.02083333333333,"50%"
"775",250,"random",0.944444444444444,"50%"
"776",260,"random",1.03896103896104,"50%"
"777",270,"random",1.09166666666667,"50%"
"778",280,"random",1.01709401709402,"50%"
"779",290,"random",0.991666666666667,"50%"
"780",300,"random",0.965986394557823,"50%"
"781",50,"grid",0.833333333333333,"60%"
"782",60,"grid",0.986842105263158,"60%"
"783",70,"grid",1.2109375,"60%"
"784",80,"grid",1.0054347826087,"60%"
"785",90,"grid",1.22282608695652,"60%"
"786",100,"grid",0.868055555555555,"60%"
"787",110,"grid",0.964285714285714,"60%"
"788",120,"grid",0.962837837837838,"60%"
"789",130,"grid",1.01351351351351,"60%"
"790",140,"grid",1.07638888888889,"60%"
"791",150,"grid",1.05113636363636,"60%"
"792",160,"grid",1.0054347826087,"60%"
"793",170,"grid",1.03365384615385,"60%"
"794",180,"grid",0.953947368421053,"60%"
"795",190,"grid",0.980603448275862,"60%"
"796",200,"grid",0.894230769230769,"60%"
"797",210,"grid",1.05932203389831,"60%"
"798",220,"grid",1.01679104477612,"60%"
"799",230,"grid",1,"60%"
"800",240,"grid",1.11538461538462,"60%"
"801",250,"grid",1.08506944444444,"60%"
"802",260,"grid",0.973101265822785,"60%"
"803",270,"grid",0.996835443037975,"60%"
"804",280,"grid",0.969551282051282,"60%"
"805",290,"grid",1.02205882352941,"60%"
"806",300,"grid",0.981104651162791,"60%"
"807",50,"random",1.5,"60%"
"808",60,"random",1.05769230769231,"60%"
"809",70,"random",1.0546875,"60%"
"810",80,"random",0.856481481481482,"60%"
"811",90,"random",1.18421052631579,"60%"
"812",100,"random",0.887096774193548,"60%"
"813",110,"random",0.899390243902439,"60%"
"814",120,"random",0.961538461538461,"60%"
"815",130,"random",1.05357142857143,"60%"
"816",140,"random",0.890957446808511,"60%"
"817",150,"random",1.05769230769231,"60%"
"818",160,"random",1.13888888888889,"60%"
"819",170,"random",0.95,"60%"
"820",180,"random",1.03009259259259,"60%"
"821",190,"random",0.983606557377049,"60%"
"822",200,"random",0.985169491525424,"60%"
"823",210,"random",1.01293103448276,"60%"
"824",220,"random",1.0655737704918,"60%"
"825",230,"random",1.03544776119403,"60%"
"826",240,"random",1.03515625,"60%"
"827",250,"random",1.00506756756757,"60%"
"828",260,"random",0.978618421052631,"60%"
"829",270,"random",0.895618556701031,"60%"
"830",280,"random",1.09821428571429,"60%"
"831",290,"random",0.981182795698925,"60%"
"832",300,"random",0.911989795918367,"60%"
"833",50,"grid",0.919117647058823,"70%"
"834",60,"grid",1.02941176470588,"70%"
"835",70,"grid",1.17647058823529,"70%"
"836",80,"grid",1.17647058823529,"70%"
"837",90,"grid",0.870588235294118,"70%"
"838",100,"grid",0.974264705882353,"70%"
"839",110,"grid",1.00569259962049,"70%"
"840",120,"grid",1.10056925996205,"70%"
"841",130,"grid",1.08455882352941,"70%"
"842",140,"grid",1.16057233704293,"70%"
"843",150,"grid",0.993464052287582,"70%"
"844",160,"grid",0.959079283887468,"70%"
"845",170,"grid",0.943396226415094,"70%"
"846",180,"grid",1.09243697478992,"70%"
"847",190,"grid",0.928792569659443,"70%"
"848",200,"grid",0.983772819472617,"70%"
"849",210,"grid",0.933706816059757,"70%"
"850",220,"grid",1.05110896817743,"70%"
"851",230,"grid",0.983455882352941,"70%"
"852",240,"grid",0.931372549019608,"70%"
"853",250,"grid",1.04671280276817,"70%"
"854",260,"grid",0.956862745098039,"70%"
"855",270,"grid",0.997130559540889,"70%"
"856",280,"grid",0.973389355742297,"70%"
"857",290,"grid",1.10559886605244,"70%"
"858",300,"grid",1.04734576757532,"70%"
"859",50,"random",0.897832817337461,"70%"
"860",60,"random",1.02941176470588,"70%"
"861",70,"random",0.816993464052288,"70%"
"862",80,"random",0.840336134453781,"70%"
"863",90,"random",1.06753812636166,"70%"
"864",100,"random",0.915032679738562,"70%"
"865",110,"random",0.898692810457516,"70%"
"866",120,"random",0.890756302521008,"70%"
"867",130,"random",1.11908177905308,"70%"
"868",140,"random",1.02941176470588,"70%"
"869",150,"random",0.951188986232791,"70%"
"870",160,"random",1.07604017216643,"70%"
"871",170,"random",1.04328523862375,"70%"
"872",180,"random",0.945790080738178,"70%"
"873",190,"random",0.93048128342246,"70%"
"874",200,"random",0.983957219251337,"70%"
"875",210,"random",1.36363636363636,"70%"
"876",220,"random",1.165371809101,"70%"
"877",230,"random",1.05698529411765,"70%"
"878",240,"random",1.06401384083045,"70%"
"879",250,"random",1.01253616200579,"70%"
"880",260,"random",1.09243697478992,"70%"
"881",270,"random",1.01865136298422,"70%"
"882",280,"random",0.882352941176471,"70%"
"883",290,"random",1.01670297748729,"70%"
"884",300,"random",1.05742296918767,"70%"
"885",50,"grid",0.88235294117647,"80%"
"886",60,"grid",0.906432748538012,"80%"
"887",70,"grid",0.911111111111111,"80%"
"888",80,"grid",0.918803418803419,"80%"
"889",90,"grid",0.881226053639847,"80%"
"890",100,"grid",1.03174603174603,"80%"
"891",110,"grid",0.981481481481481,"80%"
"892",120,"grid",0.935672514619883,"80%"
"893",130,"grid",1.00308641975309,"80%"
"894",140,"grid",0.957446808510638,"80%"
"895",150,"grid",0.959595959595959,"80%"
"896",160,"grid",1.03988603988604,"80%"
"897",170,"grid",1.02040816326531,"80%"
"898",180,"grid",1.06666666666667,"80%"
"899",190,"grid",1.0377358490566,"80%"
"900",200,"grid",0.947176684881603,"80%"
"901",210,"grid",1.07344632768362,"80%"
"902",220,"grid",1.0752688172043,"80%"
"903",230,"grid",1.07583774250441,"80%"
"904",240,"grid",0.933333333333333,"80%"
"905",250,"grid",0.993055555555556,"80%"
"906",260,"grid",1.06481481481481,"80%"
"907",270,"grid",1.03703703703704,"80%"
"908",280,"grid",1.00948509485095,"80%"
"909",290,"grid",1.04938271604938,"80%"
"910",300,"grid",1.01851851851852,"80%"
"911",50,"random",0.972222222222222,"80%"
"912",60,"random",0.964912280701754,"80%"
"913",70,"random",0.873015873015873,"80%"
"914",80,"random",1.08024691358025,"80%"
"915",90,"random",0.892857142857143,"80%"
"916",100,"random",1.0042735042735,"80%"
"917",110,"random",1,"80%"
"918",120,"random",1.04377104377104,"80%"
"919",130,"random",0.899470899470899,"80%"
"920",140,"random",1.22222222222222,"80%"
"921",150,"random",1.2037037037037,"80%"
"922",160,"random",0.9375,"80%"
"923",170,"random",1.05442176870748,"80%"
"924",180,"random",0.912698412698413,"80%"
"925",190,"random",0.931899641577061,"80%"
"926",200,"random",1.05646630236794,"80%"
"927",210,"random",1.03578154425612,"80%"
"928",220,"random",0.902777777777778,"80%"
"929",230,"random",0.868055555555555,"80%"
"930",240,"random",1.0752688172043,"80%"
"931",250,"random",1.08024691358025,"80%"
"932",260,"random",0.945767195767196,"80%"
"933",270,"random",0.967320261437908,"80%"
"934",280,"random",1.06782106782107,"80%"
"935",290,"random",0.921985815602837,"80%"
"936",300,"random",1.01960784313725,"80%"
"937",50,"grid",1.14035087719298,"90%"
"938",60,"grid",1.02167182662539,"90%"
"939",70,"grid",1.23839009287926,"90%"
"940",80,"grid",1.00478468899522,"90%"
"941",90,"grid",0.925589836660617,"90%"
"942",100,"grid",1.07212475633528,"90%"
"943",110,"grid",1.05263157894737,"90%"
"944",120,"grid",1.10356536502547,"90%"
"945",130,"grid",0.998650472334683,"90%"
"946",140,"grid",1.09311740890688,"90%"
"947",150,"grid",0.949656750572083,"90%"
"948",160,"grid",1.24156545209177,"90%"
"949",170,"grid",1.01214574898785,"90%"
"950",180,"grid",1.02493074792244,"90%"
"951",190,"grid",1.05263157894737,"90%"
"952",200,"grid",0.908319185059423,"90%"
"953",210,"grid",1.00949094046592,"90%"
"954",220,"grid",1.00478468899522,"90%"
"955",230,"grid",1.01449275362319,"90%"
"956",240,"grid",0.879413724183877,"90%"
"957",250,"grid",0.956937799043062,"90%"
"958",260,"grid",1.03129445234708,"90%"
"959",270,"grid",1.02564102564103,"90%"
"960",280,"grid",1.0012836970475,"90%"
"961",290,"grid",0.964912280701755,"90%"
"962",300,"grid",1.04629042485732,"90%"
"963",50,"random",1.1336032388664,"90%"
"964",60,"random",1.05263157894737,"90%"
"965",70,"random",1.40350877192982,"90%"
"966",80,"random",1.11111111111111,"90%"
"967",90,"random",0.871143375680581,"90%"
"968",100,"random",0.962406015037594,"90%"
"969",110,"random",1.07017543859649,"90%"
"970",120,"random",0.924608819345661,"90%"
"971",130,"random",0.975609756097561,"90%"
"972",140,"random",0.899122807017544,"90%"
"973",150,"random",1.18758434547908,"90%"
"974",160,"random",0.883458646616541,"90%"
"975",170,"random",0.939112487100103,"90%"
"976",180,"random",1.13272311212815,"90%"
"977",190,"random",1.01364522417154,"90%"
"978",200,"random",0.983118172790467,"90%"
"979",210,"random",1.35338345864662,"90%"
"980",220,"random",1.06060606060606,"90%"
"981",230,"random",1.00877192982456,"90%"
"982",240,"random",1.01811906816221,"90%"
"983",250,"random",0.966113914924297,"90%"
"984",260,"random",0.919540229885058,"90%"
"985",270,"random",1.11934766493699,"90%"
"986",280,"random",1.12685560053981,"90%"
"987",290,"random",0.922409115572436,"90%"
"988",300,"random",1.36996904024768,"90%"
